Name,Formula,Annot. DeltaMass [ppm],Calc. MW,m/z,RT [min],Sample_2.raw (F4),Sample_6.raw (F8),Sample_7.raw (F9),Sample_12.raw (F15),Sample_15.raw (F18),Sample_17.raw (F21),Sample_2a.raw (F33),Sample_6a.raw (F37),Sample_7a.raw (F38),Sample_12a.raw (F44),Sample_15a.raw (F47),Sample_17a.raw (F50),QC9.raw (F1),QC10.raw (F2),QC11.raw (F11),QC12.raw (F20),Solvent_Blank.raw (F27),QC13.raw (F28),QC14.raw (F29),QCB4.raw (F30),QCB5.raw (F31),QCB6.raw (F40),QCB7.raw (F49),QCB8.raw (F56),QCB9.raw (F57),Sample_1.raw (F3),Sample_3.raw (F5),Sample_4.raw (F6),Sample_5.raw (F7),Sample_10.raw (F13),Sample_11.raw (F14),Sample_14.raw (F17),Sample_16.raw (F19),Sample_18.raw (F22),Sample_19.raw (F23),Sample_20.raw (F24),Sample_1a.raw (F32),Sample_3a.raw (F34),Sample_4a.raw (F35),Sample_5a.raw (F36),Sample_10a.raw (F42),Sample_11a.raw (F43),Sample_14a.raw (F46),Sample_16a.raw (F48),Sample_18a.raw (F51),Sample_19a.raw (F52),Sample_20a.raw (F53),Sample_8.raw (F10),Sample_13.raw (F16),Sample_8a.raw (F39),Sample_13a.raw (F45)
Isovalerylcarnitine,C12 H23 N O4,0.26,245.16277,246.17005,3.49,511839102.1,541964477.6,669505517.5,907044343.3,462511125.3,568466496.7,176667676.3,177091174.4,235917574.6,226543726.7,281994095.3,317073090.9,312842245.8,312862182.5,312029341,310721551.5,830047.162,320188691,312861610.5,107768892.5,109432976.5,108724699.3,107129758.5,108869406.9,112780641.9,78092681.88,56558123.91,729516247.3,116545685.3,73352500.3,113170814,101491735.5,115631208.7,83946761.48,103508996.7,93508784.54,33490425.26,15833487.65,346036565.7,50880230.42,51872669.18,38802574.64,22911066.86,36970906.72,25059736.41,29432768.46,34533998.82,39180346.01,63481540.53,16450821.65,47510046.38
Phenylalanine,C9 H11 N O2,0.5,165.07906,166.08634,4.013,279220161.9,281272774.8,259407514.4,271767379.1,275586546,207351505,59158308.25,78848403.9,170072004.4,89073516,124378133.5,180507763.8,216630168.5,218561624.1,211850951.1,204214606.2,4129996.951,209819170.4,215733177.4,105901467.4,106029529.9,103725664.6,102576596.1,105090476.2,102124611.8,153831991.7,209964341.8,267015384.1,202597968,150391919.5,207448838.5,224172129.2,188797136.3,143780697.8,178520919.5,185996908.4,73305551.87,48999145.37,192564808.1,85951547.39,134071174.8,107200776.3,93402332.91,111198475.1,96582329.58,132614718.1,97283486.83,127707474.2,174603682.1,99032842.61,84819761.19
Creatinine,C4 H7 N3 O,-1.64,113.05873,114.066,2.705,110539010.7,132089199.8,103029858.7,96346328.88,125087219.7,66972083.96,27346986.5,42505296.97,132569481.2,44693041.36,62943231.05,134745326.3,100731420.9,100794600.8,97744208.95,101135337.8,3476669.41,100049526.7,99250894.02,78185824.2,78609343.57,78766511.71,80926003.04,78004121.58,78588667.33,98690219.67,184325714.6,133493126.5,81492474.05,87537953.89,99414508.07,121199441.1,58493099.56,67412704.93,74290730.4,85191792.86,47598857.35,43734694.39,161374980.6,55772614.89,125005659.9,85103932.18,84219269.69,83712969.26,84099350.36,115951765,80384708,131117628.3,52068640.3,111731675.1,52285191.68
D-(-)-Alanine,C3 H7 N O2,-1.99,89.0475,90.05478,5.289,87376651.4,78761441.36,85954249.36,93949673.63,73210207.22,71309923.73,25008337.5,29453972.8,41753804.78,37066276.07,49134639.5,44849398.33,64256100.71,65177805.93,64384831.97,65206566.01,2254618.32,67424630.83,63918106.04,31981130.54,32360412.71,32260672.49,31907518.2,32523946.13,33454628.2,35064671.49,53942924.17,88473948.1,39629838.42,54488311.65,41236458.89,50333829.39,42077168.56,47211896.07,47407438.54,57329668.98,25670702.09,21190262.21,51307326.21,21278497.37,36726121.89,18701796.02,19459905.86,20171962.41,28050087.24,29333726.96,30071981.13,44066246.03,117326399.3,27969329.83,56727003.2
Biotin,C10 H16 N2 O3 S,0.17,244.0882,245.09548,1.211,50733971.73,46276864.67,42932894.61,44693855.07,30313890.33,40488909.52,12030743.08,16125479.9,38033869.73,21921184.21,19395955.35,47579051.86,36878330.66,36063622.85,36547265.76,35799174.45,73135.80432,36053810.2,37101352.18,24649939.17,25687265.03,25193181.66,25716996.34,25302681.05,24953431.65,29201886.89,44788443.89,43570079.67,26727958.87,29294130.87,28306851.62,37879611.04,23162106.22,24990981.57,29826463.8,32933617.45,18918042.5,13842421.18,35728018.32,22350035.39,34311587.61,26986661.82,25949146.35,18606391.33,23436272.94,38926724.07,25566403.48,21513119.42,34478856.48,28078064.01,23332732.01
[Similar to: Phenylethanolamine; ?Mass: -35.0372 Da],C8 H6,-1.25,102.04682,120.08065,4.01,42063844.02,41407058.76,37977568.02,40451558.26,40656046.39,30686569.84,7919217.033,11217288.28,24981045.84,12479452.23,17352936.49,26156063.49,32468546.59,32169160.72,31446707.42,30036919.38,289765.2801,30919574.13,31743057.8,15119605.66,14991751.59,15171858.78,14587333.76,15163164.14,14878221.43,22614064.71,30957080.87,39067123.14,29628270.7,21680531.17,30528395.44,32860192.42,27178035.85,21025369.07,25412038.87,26702863.05,10075826.66,6511817.21,28620945.89,11988097.95,19544104.67,15031454.79,13028339.92,15535726.53,13613106.21,19142825.13,14009895.75,18072696.78,25514591.93,14162823.47,11931158.84
,C8 H9 N,-1.01,119.07338,120.08066,4.01,42063844.02,41407058.76,37977568.02,40451558.26,40656046.39,30686569.84,7919217.033,11217288.28,24981045.84,12479452.23,17352936.49,26156063.49,32468546.59,32169160.72,31446707.42,30036919.38,285539.7956,30919574.13,31743057.8,15119605.66,14991751.59,15171858.78,14587333.76,15163164.14,14824712.06,22614064.71,30957080.87,39067123.14,29628270.7,21680531.17,30528395.44,32860192.42,27178035.85,21025369.07,25412038.87,26702863.05,10075826.66,6511817.21,28620945.89,11988097.95,19544104.67,15031454.79,13028339.92,15535726.53,13613106.21,19142825.13,14009895.75,18072696.78,25514591.93,14162823.47,11931158.84
DL-Tryptophan,C11 H12 N2 O2,-0.92,204.08969,205.0969,4.351,30292574.05,29014487.02,28078012.62,30029694.59,30885438.89,22117628.47,6038343.549,8937612.032,16094709.07,9757121.353,13193924.28,18156899.55,21439389.57,21068764.85,21024459.03,20734572.7,26647.32506,22491182.75,21491384.36,9981019.512,10119307.52,10208258.68,10051872.32,10412317.65,9514501.074,15633928.2,20313343.22,29228951.85,17062195.4,14877225.09,20850736.99,23391270.89,19354599.53,12900396.84,18520768.79,18054128.51,7200115.738,5323119.331,20652439.23,8723510.228,13249436.26,9653212.277,8559629.538,10923404.54,8003457.511,12847447.24,9342260.959,12929325.65,17941646.19,9394815.84,8637556.59
trans-3-Indoleacrylic acid,C11 H9 N O2,-0.88,187.06316,205.09693,4.35,30292574.05,29014487.02,28078012.62,30029694.59,30885438.89,22117628.47,6038343.549,8937612.032,16094709.07,9757121.353,13193924.28,18156899.55,21439389.57,21068764.85,21024459.03,20734572.7,26928.90541,22491182.75,21491384.36,9981019.512,10119307.52,10208258.68,10051872.32,10412317.65,9514501.074,15633928.2,20313343.22,29228951.85,17062195.4,14877225.09,20850736.99,23391270.89,18827886.03,12900396.84,18520768.79,18054128.51,7200115.738,5323119.331,20652439.23,8723510.228,13249436.26,9653212.277,8559629.538,10923404.54,8003457.511,12847447.24,9342260.959,12929325.65,17941646.19,9394815.84,8637556.59
,C5 H9 N2 O P S,0.16,176.01735,177.02463,5.751,22856969.82,22275344.42,23423587.76,26389208.07,21960870.62,18434603.12,5147719.367,5504427.65,10397491.25,7914551.73,12737021.42,12674381.35,16856263.68,16876856.81,18333083.4,17311749.02,30012.56076,18309618.56,18202397.27,7437768.655,7712669.078,8065840.801,7763138.442,8258703.788,8205068.273,7334263.409,14229967.57,25788210.62,9419873.834,11726133.74,14008887.31,13165279.63,13670166.15,10693885.03,12305125.86,15850312.51,4539565.012,4796055.338,15476140.77,3463913.515,7246445.332,5429436.189,4631708.324,6115082.112,6061414.02,6816696.224,7907731.227,8763349.687,26476426,4953425.46,11614063.6
"Threo-sphingosine, (-)-",C18 H37 N O2,0.43,299.28256,300.28985,1.486,8694281.568,5659821.306,4334760.374,3516007.455,1935775.667,7934302.002,3625490.113,3924773.263,2966868.962,4126026.649,942684.8494,4063342.834,12595900.65,12556209.14,11501227.84,11396786.75,100242.5128,10580916.06,10509737.5,8678712.017,8784680.106,9073842.451,9130569.753,8992080.263,9311110.605,23596372.17,15402522.67,2288298.42,16475494.08,11214863.1,474956.1158,20044143.46,2536049.981,16643027.98,20761552.61,1652107.938,19775223.48,3528413.922,596459.7735,15398812.41,13393759.73,6915643.48,10724975.76,420286.9692,11629917.69,16848523.61,950292.5085,1531040.478,5264090.722,5823797.055,4527202.682
L-(-)-Asparagine,C4 H8 N2 O3,-0.09,132.05348,133.06076,5.758,22652005.36,19873102.91,20750542.95,22205981.42,17840094.12,18406661.46,6292471.827,7754105.163,9920966.246,8971767.934,10208502.71,12373500.56,15498736.93,15590861.88,15753637.69,15162901.34,78575.53383,15553101.29,15242375.77,7463351.338,7622011.919,7612645.882,7664692.71,7734859.896,7715748.742,10425921.18,13170157.62,19896303.25,9133067.329,10331796.65,10137329.83,12702194.86,10633307.68,10389567.27,11797509.54,12413121.9,6909329.632,4410765.616,10987409.49,4830285.488,7143446.799,5394890.402,4883337.848,4709588.264,5829101.59,6763397.656,5469196.314,7932483.434,23365195.12,5185655.975,11570388.28
,C4 H8 N O P S,0.94,149.00656,150.01384,5.768,17142745.61,17768465.61,18272459.98,21252369.49,17615619.76,14017417.31,4333934.776,4352453.525,8040052.961,6465761.033,10504815.98,9843585.464,11909346.66,12614641.2,13295452.57,12981091.13,44614.36119,13645662.32,13834654.13,5550912.468,5600456.165,5997046.981,6056979.279,6189066.74,6392659.677,4600434.474,9095501.557,19727084.06,6154458.355,8202872.434,9255551.139,8551149.105,9142967.151,7402521.597,8449804.036,11738515.76,3041863.902,3562331.72,13156284.17,2371595.749,5269177.985,3594342.658,3164693.019,4434084.591,4273277.255,4476916.281,6211664.85,6547344.637,19696230.85,3598343.257,8878558.401
Thiamine,C12 H16 N4 O S,-0.17,264.10444,265.11171,4.356,12245344.6,12923388.45,11218337.43,11176737.93,12325499.6,8039111.057,2467403.042,3738937.381,9663467.648,4214888.344,6421328.721,11706261.07,10060158.27,10022270.05,10033470.39,10093297.03,27184.6262,10106285.17,9711727.957,6391599.674,6488466.357,6316966.838,6135335.745,6316590.269,5984061.272,7491943.711,17271160.28,11738430.08,6084709.623,8755656.163,9950432.979,10347240.41,6795231.799,6813314.937,7889259.308,7935781.187,3771313.321,4458901.919,12179416.59,4128014.311,9169548.478,7178623.922,5725361.704,6072626.996,6194043.48,8805678.713,5729740.789,11733075.5,6746877.134,8088024.146,4541451.393
Homoserine,C4 H9 N O3,-1.31,119.05809,120.06539,5.408,15045900.88,12970817.1,14271355.54,16160832.02,11941599.6,12629912.39,3400956.186,4211854.716,6246494.572,5178833.891,6582852.897,6990146.003,8691883.967,8838981.804,8285288.41,8934993.924,824076.5741,9666682.462,9467491.85,3536854.93,3509423.631,3402901.526,3339691.994,3652621.072,3588155.351,4148464.723,6495729.936,13358884.32,3728554.06,4861625.292,4259682.114,5957972.671,4890776.552,4786769.28,5660421.471,6249215.754,2292653.743,1695882.153,6434983.912,1638882.384,2914206.557,1880744.713,1875724.479,1810128.543,2382681.243,2812617.901,2379251.561,3469272.828,15997465.09,2019848.369,6374505.952
Phosphoarginine,C6 H15 N4 O5 P,0.39,254.07811,255.08537,7.639,1041517.469,732759.0151,652775.3026,1237674.709,1413237.547,1077818.166,340332.9065,243212.979,287066.3984,392368.3583,383126.3465,1019970.514,5030170.128,4865270.991,4833588.598,5398712.62,32531.73564,4829331.088,5443007.209,3434079.487,3565648.701,3562184.969,3492007.033,3570840.779,3608480.346,4822672.802,4051922.817,2095305.593,6217164.662,6611124.114,13606521.13,7816584.084,13251682.49,5169302.078,6120213.345,11006913.24,5090985.735,2857165.149,2759044.385,4269888.813,5818900.277,6845369.979,3185117.915,8991512.859,3708223.476,3991805.907,6644802.059,2388261.057,2229317.896,2175464.977,907419.1504
UDP-GlcNAc,C17 H27 N3 O17 P2,2.29,607.08296,608.09032,6.743,4357061.106,3744288.515,3553325.061,4251697.172,3162428.888,3254651.502,1035269.126,1195302.5,1358801.638,1212284.339,1862060.608,1617831.342,6185424.579,6118307.241,6126616.259,5942937.516,18732.65028,5985251.82,5799091.883,2844720.943,2799953.646,2858204.274,2748971.58,2950167.404,2716322.62,6164500.829,4546250.858,3823830.995,6784817.554,6720652.666,10382120.14,8843205.328,9578400.224,6775074.643,7530730.046,8333728.823,4085864.206,1378363.662,1758766.41,2970031.05,3541810.231,4688728.777,2778967.981,3901562.13,3379681.819,3720069.817,3442188.728,2721022.852,4038055.275,1512343.903,1916725.468
,C7 H12 N3 O7 P S,-1.68,313.01283,314.02011,5.764,6094257.809,6320583.839,6997573.43,8470014.645,7254304.69,4730148.965,1320060.66,1256058.475,3067023.656,2123818.882,4780876.391,3548218.757,4936204.718,4915393.481,5267635.514,5242149.684,24397.0099,5809549.892,5571193.989,2128493.852,2124035.874,2312026.991,2455010.641,2570201.53,2499615.523,1206173.811,3727918.367,8672561.355,2389777.255,3327544.315,4573053.158,3368143.624,3990190.78,2872498.056,3472254.179,5432374.742,886130.6407,1584115.855,6208820.571,731494.9603,2254570.537,1397131.618,1269086.911,2370014.269,1760286.331,1717406.131,2964915.647,2861670.263,7464731.439,1213691.419,3353358.933
Aspartate,C4 H7 N O4,-0.06,133.0375,134.04479,6.399,1451918.151,1447964.38,1487013.421,1317121.942,2167691.641,1373299.786,729130.4159,520201.606,965891.8424,764455.7721,1230872.753,1700441.619,3624104.188,3898978.853,3855279.471,3939767.077,551430.3295,5332009.509,3917606.302,1823955.35,2583677.574,2446266.089,1848726.425,1811870.874,2615686.024,3155934.391,4211965.169,1765832.329,6191340.669,5453527.701,4026961.204,5025178.027,4189308.281,6535684.401,6447954.135,7542572.387,2604213.592,1260024.923,2134649.546,2824325.6,3202065.542,2254966.918,1693082.769,1756143.105,2853896.214,2495948.714,2653988.749,2666066.939,6807363.39,1517081.021,3883683.004
(4-Ethoxyphenyl)urea,C9 H12 N2 O2,-0.64,180.08976,181.09704,1.209,6690829.13,5883093.643,5487188.048,5064607.986,3830890.047,4910356.434,1792838.231,2210479.918,4957252.795,2936860.77,2655521.685,6207749.911,4723470.22,4485594.88,4575461.026,4604984.522,170624.024,4376370.077,4314039.885,3098886.679,3128283.323,3325963.931,3331290.051,3401502.295,3378781.444,4116397.113,5564196.114,5643363.226,3634587.543,4005472.242,3598489.684,5124534.547,2917298.4,3290510.279,3586066.067,4332854.514,2467585.462,1935690.454,4646001.758,2985504.604,4360893.743,3649301.121,3094371.24,2468635.366,3103369.289,4936858.236,3239354.44,2756547.73,4543419.293,3571861.09,3147352.612
,C14 H27 N O4,0.69,273.1942,274.20147,3.106,2834643.971,3192854.697,4841138.91,5978793.707,2794812.992,2851627.607,832044.0912,994032.9889,1311767.756,1318731.671,1028239.801,829567.1729,1301426.919,1210500,1173683.147,1161042.497,94035.97748,1189884.827,1198382.042,428280.3725,363773.7423,413677.1632,418325.8843,440793.8784,417647.6901,89142.25986,115114.3976,2259332.517,350018.741,69769.71479,47701.40944,100584.7658,166902.8055,41399.08036,75074.72667,106671.5298,48903.23196,66374.18886,796673.2558,838255.5773,194830.7606,189126.7841,99474.11247,89994.05067,54314.41505,161508.0089,85432.67254,112431.432,98076.31447,129487.2725,145190.7831
,C5 H7 N8 O P S,1.27,258.02044,259.02771,5.744,4590876.624,4759829.591,5232286.463,5953511.567,4748046.777,3565677.781,899960.0004,959208.2178,2116400.947,1505272.818,2928080.84,2698707.518,3582753.003,3572737.543,3914511.842,3877094.182,26909.85635,4365498.186,4261454.737,1561837.66,1512451.366,1582243.6,1710947.849,1732696.98,1700135.666,1216152.499,3184368.79,5875273.063,1970255.033,2795192.866,3396635.872,2889099.648,3145848.391,2294682.705,2603974.043,3970464.67,869242.1823,1062763.988,3573492.912,648182.9997,1713818.028,1075665.095,1008284.372,1526057.278,1261403.597,1475157.27,1946523.525,2120475.549,5594839.843,1053910.786,2443576.015
2-Chloro-5-nitrobenzanilide,C13 H9 Cl N2 O3,2.9,276.03097,259.02766,5.742,4590876.624,4759829.591,5232286.463,5953511.567,4748046.777,3565677.781,916497.8501,959208.2178,2116400.947,1497288.013,2928080.84,2698707.518,3582753.003,3572737.543,3914511.842,3877094.182,26889.2878,4365498.186,4261454.737,1536817.291,1512451.366,1582243.6,1710947.849,1732696.98,1700135.666,1203729.351,3184368.79,5875273.063,1985090.387,2795192.866,3396635.872,2889099.648,3145848.391,2294682.705,2603974.043,3970464.67,869242.1823,1101783.805,3573492.912,634776.9096,1713818.028,1075665.095,1008284.372,1526057.278,1261403.597,1475157.27,1950738.847,2120475.549,5594839.843,1034495.568,2443576.015
,C5 H7 O2 P S,0.4,161.9905,162.99783,5.763,4799179.526,4915742.107,4526463.111,5639579.781,4724110.159,3699716.303,1527314.582,1790991.016,2764062.265,2744916.875,3702138.187,2835875.545,1791305.813,1600991.737,1989936.048,1750852.115,12515.25632,1792893.859,1751737.641,844515.6323,893638.8854,1079468.438,1063412.895,1087788.736,1111898.727,864598.5381,1532189.187,4396030.958,779452.7973,1316838.949,4221730.042,690875.0723,1666188.215,1452137.906,651962.8647,2592706.066,788417.8344,673593.5022,3774093.588,705989.6621,1299948.741,1388421.485,1225639.95,1315991.898,825388.4173,978341.0823,472183.6732,2958898.042,2650580.791,925393.4289,1020411.332
Ethyl mercury ion,C2 H5 Hg,-1.41,231.00943,232.0167,5.763,3656777.402,3832744.164,4271276.998,4875797.572,4087880.425,2956313.419,797668.0919,915786.2489,1722602.944,1436392.445,2474838.641,2255263.2,2673737.372,2739511.388,3244579.551,3092204.673,24186.01286,3041626.353,3199423.67,1246574.046,1232794.33,1330474.401,1363373.411,1476172.982,1321143.212,852331.5751,2121591.197,4640870.356,1298518.198,1872264.664,2149352.072,1895581.71,2109726.555,1599286.955,1977815.812,2945115.748,597230.5431,742048.5462,3044327.124,428651.6492,1277089.138,863447.77,755885.0768,1173344.574,997356.3509,1020907.942,1381905.681,1521151.559,4053620.192,776917.2633,1898289.771
,C10 H11 Cl N O13 P,2.74,418.9668,419.97408,5.288,2938867.39,2027499.037,2560997.76,2504425.87,1909903.27,2193383.699,231274.9765,261461.6525,628038.9071,486524.9133,913506.6671,555173.4002,1421274.189,1477455.956,1350856.399,1300638.932,13039.17608,2148167.912,1599774.3,331587.8589,365626.1765,360905.2324,246093.5573,359748.2488,324790.0956,320194.7843,923708.8894,2619850.353,415347.0968,1189250.908,418394.9979,674789.4835,513551.6219,875399.6775,804106.2147,1172439.464,147353.3335,113043.5582,799404.3461,47956.26584,426562.024,43188.80225,56888.14225,31130.53776,146891.4625,133444.7741,179419.3461,535986.88,4556797.139,182605.9572,1230245.632
,C6 H16 N5 O9 P3,-1.03,395.01568,396.02296,5.761,2753431.918,3118242.497,3411070.668,3977546.005,3619271.724,2099996.517,660508.2931,612525.5506,1462855.025,1108524.384,2351554.537,1724119.785,2267271.649,2493968.312,2540250.891,2838215.679,23990.33742,2828765.364,2891778.592,1030691.053,1129776.536,1198137.456,1041260.616,1224975.72,1258208.897,521546.1116,1790325.183,4276239.598,1099535.453,1723192.431,2182594.62,1685204.481,2120451.372,1516991.975,1753474.591,2548426.247,372496.8733,739658.4792,3248267.025,329341.1848,1147129.223,570545.8235,545639.9109,1097531.863,839817.3772,882918.8999,1333503.308,1389472.181,3639044.96,573282.0501,1609382.174
gamma-Glutamylalanine,C8 H14 N2 O5,-0.51,218.09016,219.09742,6.31,3418643.483,3009531.787,3596710.869,3526553.615,2911837.182,2897900.71,433789.9062,438448.5187,694513.7198,565914.0815,859687.9005,765602.7013,2327744.873,2272921.128,2206263.111,2118977.403,23226.95346,2261980.135,2295666.651,585757.7109,596796.4423,587785.8258,600331.7232,555462.5353,613409.2541,953865.3831,2244653.16,3761123.716,1195225.979,2476097.918,711740.0448,1208081.577,1109603.631,1708970.674,1485738.001,2053082.366,455603.4277,476632.4832,889395.9197,290896.2439,1030199.487,152421.0013,289873.414,230104.6956,563115.2149,547678.0604,623926.1374,949299.3265,4053566.589,293783.437,956687.4633
Adenosine monophosphate,C10 H14 N5 O7 P,0.43,347.06323,348.07052,5.949,1928831.029,1816139.303,2237579.33,1861641.525,944267.4825,1146989.53,693078.0049,841993.6424,972638.0842,1032406.671,1383561.389,612196.8914,1499733.909,1471166.555,1429163.606,1584670.101,25147.95649,1444244.248,1530144.23,731807.2179,670336.3077,718579.0215,719369.7976,730670.2555,731287.7421,796612.9351,1301532.673,1146843.769,1214466.587,1177180.882,858625.2308,1182512.132,867223.1466,1445662.717,1256953.651,1556342.901,513603.4213,382404.6835,447812.2531,422536.106,1135263.351,732534.5669,348745.4605,304203.5528,469466.9577,545174.7358,417844.0315,465588.1501,3206770.902,331423.1901,1698252.557
,C6 H2 N2 O12,1.07,293.96109,294.96836,5.285,1885417.527,1382036.344,1785843.242,1771813.771,1313162.288,1458739.6,202766.6693,299018.6549,529715.7787,456744.6674,802903.5788,522538.1628,1113505.572,1082518.772,979684.2671,1172158.058,15375.28621,1498635.651,1171274.966,321395.629,336754.3511,336714.5283,299547.7304,337650.0471,325389.58,348219.7911,720668.8708,1871897.446,433791.2974,968557.3495,431059.0399,667247.8864,514261.0165,755780.9106,756896.938,920751.624,194605.4315,113886.241,669946.4485,67512.25834,383326.5604,80538.65566,81245.59276,70973.26628,205665.7921,210692.6654,260085.9379,463654.8713,3050503.784,230068.9336,1012767.811
,C9 H22 N O15 P3,-2.27,477.01914,478.02642,5.759,2065079.127,2218864.556,2600918.525,2997396.179,2984077.198,1437893.447,448992.8442,286299.4688,1139639.547,683014.3772,1816506.088,1292724.026,1737427.041,1719506.11,1886031.107,1845025.576,22007.96351,2031685.59,2240942.312,631113.6798,745190.1261,783877.9645,799706.3428,871259.2085,885887.5192,298102.2231,1285173.877,2991517.179,793582.2661,1358039.211,2039443.989,1189893.099,1823005.82,1028200.194,1244472.256,2250295.759,202171.2734,454609.1817,2498708.447,164354.5971,768202.2622,471705.4435,490554.5144,954539.6588,519216.1158,600477.0637,1116507.396,1064682.145,2513795.934,390086.6785,1144368.821
,C7 H10 N O4 P,-0.12,203.03472,241.99796,4.018,2595511.685,2547440.452,2480845.23,2562547.411,2689031.285,1952828.722,549798.5984,781064.9154,1642363.114,804641.8237,1161484.375,1731420.906,1904430.515,2054008.666,1966902.405,2007385.163,33619.76646,2394393.059,2144040.244,921685.8061,926178.469,1000156.756,901309.6124,925989.4653,974591.0964,1292147.986,1773150.414,2589951.119,1716090.377,1423514.315,1882857.884,1924240.54,1800185.414,1346600.445,1746982.154,1906832.273,639890.7235,446372.1377,1897188.074,709524.125,1286332.847,971431.1682,835877.7532,1129563.365,873925.0568,1176008.895,856708.6067,1133184.722,1774278.49,848844.4855,709192.0419
Inosine-monophosphate,C10 H13 N4 O8 P,0.79,348.04738,349.05457,6.323,1438093.286,1532079.635,1132704.322,1766899.416,1296717.15,1104297.918,453872.9481,643693.0478,634502.3919,835726.3261,752951.5609,638211.8929,469943.6686,410897.1391,473214.9297,462274.5112,21327.98625,486262.1783,488630.5106,229751.8136,246614.47,207579.824,196761.9311,192679.7815,240200.2683,40318.02195,34026.35657,1283663.02,36974.43058,38476.38243,42555.37494,77729.36966,39334.75023,75720.02402,98861.10084,118479.3501,35133.08436,25200.0091,991542.9753,31536.0945,33381.71295,31578.57711,29090.90003,30340.06935,31739.2218,34965.71168,34372.71439,24591.97504,103877.9678,23681.58135,25547.92477
,C8 H12 Cl O16 P,2.05,429.95603,430.96329,6.329,811919.6056,577197.9109,627753.0566,603767.6316,495073.995,663620.0354,122655.3939,123949.2993,223448.6112,153008.1234,175380.2105,279169.9858,1025802.918,1013232.786,1030390.558,992941.4329,20405.76323,1085546.131,1102145.902,748190.4535,806485.6825,754254.8487,776100.6194,787442.3265,727340.3988,1561313.876,1080989.381,517501.0149,1157463.509,1199873.403,959461.9925,1411258.903,1102970.176,1425343.936,1307452.489,1130239.174,1534667.824,363876.0335,185675.7768,1012834.782,982925.5544,1021730.916,849719.5846,628818.0887,1154048.313,1117857.045,807122.1957,160436.2595,1007119.664,155643.4297,565465.151
,C8 H Cl2 N4 O7 P,-0.87,365.89567,366.90295,5.286,837487.8277,701776.0312,826290.6761,693449.1243,622621.3688,675827.5121,113001.2369,144432.4142,268008.3949,242511.6112,401764.6241,368212.3245,542874.1812,542514.4793,490443.8613,548046.984,15567.82623,649771.7754,557513.6273,171459.5935,202877.9469,199006.4084,178036.0813,194909.2744,217012.5392,225952.9326,400700.4285,791873.4497,196980.4011,427972.8969,226595.1082,308159.6141,227434.8906,383770.7223,382278.5532,501365.7553,132552.86,94113.73146,396125.4413,64614.56598,234273.115,63823.0071,58789.28848,53429.79186,131408.8818,126888.4715,165685.448,252766.5545,1141606.976,128199.5369,469436.3568
cis-2-Carboxycyclohexyl-acetic acid,C9 H14 O4,-1.37,186.08895,187.09617,3.49,500646.6378,529291.1809,728630.2272,1023074.299,408711.6329,556899.375,148640.3307,177442.4163,257649.8131,79402.24993,267251.6622,248932.9856,360862.7606,304581.9653,310874.1911,276737.7998,32313.68166,315898.5065,321260.4653,119124.3275,111367.9587,118700.8178,141306.2113,110479.2599,290213.1749,63261.70078,85474.85413,791461.9397,112007.5276,93053.41637,125660.5271,80249.59192,66414.4949,58179.94449,104970.4938,78128.86737,51138.25093,50194.61302,408238.4065,52185.94392,50524.52015,50798.61241,44104.22779,54000.11931,53339.13119,65125.98952,40442.2514,50561.18485,86487.44593,52813.98535,52482.49741
Xipamide,C15 H15 Cl N2 O4 S,0.94,354.04444,355.05177,6.328,258459.5417,185975.9794,214288.2875,260833.1102,186480.0654,213685.3543,16057.32249,18277.09101,49113.75415,28968.63911,49281.83305,64759.40831,477752.5175,523403.7929,560708.8875,525465.2583,14958.51151,598326.7949,516371.9344,239255.7594,238267.4092,217714.8745,260553.3026,226583.4026,216932.7779,521316.5967,414358.4067,203400.5725,510082.9171,700701.4955,705692.7741,745056.8876,724679.7798,725040.409,750603.549,929156.3329,434693.2635,79032.33612,59225.5112,271134.5291,416188.4822,350877.6757,257144.3957,330904.3625,372979.7391,375408.6458,443385.9518,60724.29412,448602.8841,16609.21959,129801.8311
,C16 H5 Cl N2 P2 S,1.2,353.93414,354.94142,4.348,745544.7521,643398.1186,680811.1363,622453.8964,704125.1017,568355.5015,190446.3789,265380.5766,584026.5935,287573.1415,475627.8192,469612.3018,541982.2551,558569.3419,458358.9016,491094.9958,28551.60947,898144.8592,578229.8758,310640.9792,342964.9597,333683.006,221454.2853,325565.42,285475.9636,418131.4227,504854.6077,748256.8385,375160.9552,473027.3395,577469.2945,536650.5485,507590.9754,487805.5459,433793.2767,547876.5707,201727.9666,159593.0282,570238.0926,178277.6695,426183.7751,305259.3546,286993.5898,318636.1644,300279.4228,376888.3524,274112.8057,298532.1014,471409.3459,297021.2248,322836.5848
,C25 H14 N O13 P S,0.03,598.99236,599.99958,6.329,408565.0532,315973.89,316782.4422,359573.0772,208878.959,305649.5316,18445.92072,29183.95168,73852.04561,24568.97793,48484.7227,89957.68871,660685.4514,649871.1631,591517.9037,664383.6472,17183.6567,618720.387,653224.8898,391650.8918,419087.8747,407272.7457,412006.0399,353393.2593,400034.1188,744148.4119,649528.2128,306276.671,707337.606,679447.6869,632442.7384,816172.3184,723676.6675,798365.0529,818879.9451,715169.1415,723100.6977,139376.5913,57416.18939,483119.179,601199.1196,559446.4931,459772.4713,335753.7018,649571.9814,638503.826,515854.3123,39046.24724,583960.1328,38729.68153,243413.3267
,C39 H14 N3 O3 P S2,-0.5,667.02108,668.02836,6.744,303766.9965,313582.3117,280514.2815,354414.3262,235483.4915,258575.4351,69086.30992,88283.87878,117953.5437,102845.5331,157912.9412,120881.5659,473365.2773,475821.5295,459942.9151,484770.8878,19169.52501,472463.0676,464113.4338,223672.5168,226797.4839,225466.7033,261789.6367,247518.302,258106.5251,464632.8628,331485.0624,313419.9367,536973.1481,517050.7521,815663.3647,680533.9434,757991.0927,505913.0838,564629.9224,610501.5334,251820.2125,133455.4316,128279.0938,239802.2491,315914.8213,375072.378,245718.2654,322075.278,283293.1247,320392.0024,274312.8882,230128.8965,326127.5838,108741.2029,140400.926
,C3 H6 N3 P3 S,-2.13,208.94908,209.95633,6.401,153389.1862,173868.4667,127778.2803,121678.277,131347.7595,137526.8521,31826.01949,31386.66789,123913.1833,31784.64173,70403.61819,181077.4885,367150.7322,348774.5826,440723.154,420627.3649,49264.41653,433571.7622,449721.7608,217336.9735,204279.1811,216940.7298,209533.9558,249434.1606,225543.4925,400166.9051,456431.3223,169605.9838,667736.4599,569429.101,345560.6762,535552.1272,395185.2736,742862.1498,560387.2871,645736.9097,273939.7608,120934.4012,163672.1053,369556.4487,287670.8738,196013.9144,228461.9513,156473.1571,314496.1409,343841.5299,270466.7975,260001.0096,741715.6245,176611.2929,358758.7672
,C11 H10 Cl N5 O13 P2,0.81,516.9443,517.95158,5.282,432714.9913,385044.0072,382398.3566,392597.7932,293313.4135,311904.6565,56890.51106,53100.36726,151962.1607,41943.2399,179924.1673,165294.9055,311258.6465,222402.4045,241411.4508,244151.1449,16610.28492,333047.9345,284949.9379,75771.42727,63802.37536,59394.74824,77105.88248,62412.3043,65764.03844,91805.41419,199925.8546,390628.0782,74235.45011,254159.1685,38029.75518,198945.3981,109401.5491,196812.446,148528.3437,190669.7945,40129.96093,23013.01289,208194.0249,26650.62086,93152.21253,22810.40057,23667.35532,24875.25737,50033.14423,42200.97582,63500.09651,90039.66438,700129.6883,50981.66111,210516.2001
Frovatriptan,C14 H17 N3 O,-0.07,243.13715,244.14442,2.985,438123.1366,441292.2284,500864.7613,559150.2692,371835.1321,485230.4131,182131.028,212514.8232,276008.1019,295025.1865,263610.5137,331134.0644,357836.6602,383353.6283,326775.6522,326709.0976,21722.08627,356977.6361,390132.9666,214102.9884,159124.6967,194544.5103,197392.9447,199513.6749,178223.1633,234271.8264,282873.9219,469885.7593,317031.16,305993.6486,185012.9297,293412.0331,327999.4805,338883.0322,304354.979,272166.5488,217792.397,103664.0335,270222.3837,192996.2494,239832.3219,121230.5591,159457.406,200343.0704,174245.2643,179123.8774,120729.5045,37690.55616,417109.3721,86255.5595,269868.7254
Citicoline,C14 H26 N4 O11 P2,1.41,488.10802,489.1153,6.759,378302.1694,426202.6746,513903.3817,537410.3826,484290.8968,290300.0155,83817.03272,141559.8572,200870.0938,159879.1918,219671.3757,129588.0422,371957.9546,347122.8683,360358.7307,359112.0991,17359.72209,378298.574,352898.6019,209387.6787,197987.4024,185416.6985,184795.5843,196867.7052,196739.4315,198710.7488,381495.4481,266045.7515,263384.2264,338306.61,219479.5942,359904.0175,279884.8872,447936.6892,386585.2635,525179.6886,240815.6441,146437.0138,99194.04784,112150.7977,307426.4841,127951.8405,141903.6162,146444.8224,321669.0356,210995.7353,267781.4915,177777.0836,447210.6669,75997.43252,238249.6612
,C21 H22 N3 O15 P S3,-0.49,682.99473,684.00201,6.744,219819.6417,236637.0733,131904.2426,258745.3391,177410.1093,199394.7777,64151.92857,108606.9227,75515.27567,92245.79319,96698.06612,119211.0982,331895.7886,315444.3306,354143.1279,316259.2472,17300.47242,381280.9283,348475.1129,176452.6498,182042.6795,182580.3618,170016.4992,200077.5927,150748.2473,477673.3919,249215.4445,239800.432,406320.0078,368602.4172,504555.3746,496074.5414,509693.5789,411799.4361,422505.3209,421848.4143,322330.3494,83293.34802,52028.2193,269599.1898,227625.888,299465.3174,239191.6939,205022.5151,224702.962,264928.6409,172009.921,154675.6176,227539.482,97292.24148,153809.5965
gamma-Glutamylalanine,C8 H14 N2 O5,-0.64,218.09013,219.09742,6.569,437963.7654,469141.481,453898.1134,445659.8136,400630.7157,321711.4637,68619.89048,95872.48928,247751.7547,79761.70849,142896.1609,286283.255,443036.8539,452507.1844,393075.1889,340169.4561,23021.26066,362413.4326,274565.1617,188152.8736,196206.148,182793.4802,187032.0941,175912.5898,186315.1455,289060.1827,493726.4252,455082.8098,297684.4494,371070.3364,220446.6458,331669.7088,211057.2494,218030.6255,242951.881,216865.2914,70455.00589,93348.22147,332758.7403,98913.14035,259486.4843,140503.0663,168999.6847,157198.2323,153256.2858,239107.3789,141856.4336,274596.4093,328601.2483,194969.8813,135857.7878
,C3 H4 Cl2 N2 O13 P2 S,-0.35,439.82848,440.83576,5.288,185960.7677,145335.9857,157571.7648,183375.9983,126849.0364,145657.5951,42315.99723,36207.53969,63713.83454,72627.72038,82411.09625,51932.42989,113570.7107,84200.18822,135004.5253,140603.9745,16286.55283,169745.4,113562.2501,25930.81845,33241.39985,68119.18425,52912.62377,45037.59905,57780.79308,45974.85064,108037.8958,128801.4347,32994.17311,98498.97618,48832.55636,75442.62523,67022.29775,92812.88629,97712.79452,106050.4521,21240.19535,20669.37082,96686.79516,26388.95817,55511.9947,22929.54362,20547.70799,22340.06281,42811.7494,35224.09588,41286.13324,61995.38748,192924.37,41344.96727,105932.1974